Force (N),Position (mm),Time (min),Engineering Stress,Engineering Strain,True Strain,True Stress,,,
-1.66667,0,0.00333,,,,,,,
108.009,0.00380372,0.00499,0.343803325,0.000253581,0.000253549,0.343890507,,Area ,0.000314159
268.203,0.00751775,0.00666,0.853716664,0.000501183,0.000501058,0.854144533,,,
367.152,0.0126188,0.00833,1.168681113,0.000841253,0.0008409,1.16966427,,,
433.207,0.0185204,0.00999,1.378940709,0.001234693,0.001233932,1.380643278,,,
500.675,0.0248296,0.0117,1.593698023,0.001655307,0.001653938,1.596336082,,,
567.753,0.0310833,0.0133,1.807213928,0.00207222,0.002070076,1.810958873,,,
634.191,0.0371719,0.015,2.01869265,0.002478127,0.002475061,2.023695226,,,
703.131,0.0431391,0.0167,2.238135486,0.00287594,0.002871812,2.244572229,,,
769.166,0.0493111,0.0183,2.448331419,0.003287407,0.003282015,2.45638008,,,
836.16,0.0548296,0.02,2.661579944,0.003655307,0.003648642,2.671308835,,,
900.137,0.0612575,0.0217,2.86522506,0.004083833,0.004075517,2.876926162,,,
954.54,0.0671875,0.0233,3.038395188,0.004479167,0.004469165,3.052004666,,,
1007.37,0.0743258,0.025,3.2065583,0.004955053,0.004942817,3.222446968,,,
1055.07,0.0805773,0.0267,3.358392116,0.00537182,0.005357443,3.376432794,,,
1105.95,0.0872503,0.0283,3.520348186,0.005816687,0.005799835,3.540824949,,,
1166.41,0.0936557,0.03,3.712798343,0.006243713,0.006224302,3.735979992,,,
1231.96,0.0997677,0.0317,3.921450474,0.00665118,0.006629158,3.947532747,,,
1300.03,0.105857,0.0333,4.138124013,0.007057133,0.007032348,4.167327306,,,
1371.02,0.111727,0.035,4.364092202,0.007448467,0.007420864,4.396597997,,,
1445.02,0.11759,0.0367,4.599641517,0.007839333,0.007808765,4.63569964,,,
1526.77,0.123378,0.0383,4.859859849,0.0082252,0.008191557,4.899833169,,,
1611.22,0.128182,0.04,5.128672548,0.008545467,0.008509161,5.172499448,,,
1695.77,0.133833,0.0416,5.397803557,0.0089222,0.008882632,5.44596384,,,
1783.21,0.139119,0.0433,5.676133721,0.0092746,0.009231855,5.728777591,,,
1874.28,0.144161,0.045,5.966018535,0.009610733,0.009564844,6.023356348,,,
1969.39,0.14936,0.0466,6.268763068,0.009957333,0.009908086,6.331183231,,,
2066.95,0.15467,0.0483,6.579306192,0.010311333,0.010258534,6.647147612,,,
2160.98,0.160085,0.05,6.878612978,0.010672333,0.010615786,6.952023829,,,
2259.43,0.164636,0.0516,7.191989061,0.010975733,0.010915937,7.270926415,,,
2335,0.171252,0.0533,7.432535842,0.0114168,0.01135212,7.517391618,,,
2462.97,0.174621,0.055,7.839877004,0.0116414,0.01157416,7.931144148,,,
2564.13,0.179265,0.0566,8.161879285,0.011951,0.011880151,8.259421904,,,
2674.59,0.184158,0.0583,8.513484385,0.0122772,0.012202446,8.618006135,,,
2780.11,0.189038,0.06,8.849364977,0.012602533,0.012523782,8.960889394,,,
2890.72,0.193686,0.0616,9.201447542,0.0129124,0.012829746,9.320260313,,,
2999.73,0.19839,0.0633,9.548437149,0.013226,0.0131393,9.674724779,,,
3110.02,0.202788,0.065,9.899501122,0.0135192,0.013428631,10.03333446,,,
3219.44,0.206739,0.0666,10.2477958,0.0137826,0.013688484,10.38903707,,,
3320.29,0.212655,0.0683,10.56881132,0.014177,0.014077446,10.71864536,,,
3423.69,0.217371,0.07,10.89794374,0.0144914,0.014387403,11.0558702,,,
3520.39,0.222281,0.0716,11.2057494,0.014818733,0.014710009,11.37180441,,,
3610.11,0.227099,0.0733,11.49133703,0.015139933,0.015026468,11.66531511,,,
3696.53,0.232491,0.075,11.76642044,0.0154994,0.015380511,11.94879289,,,
3776.69,0.238245,0.0766,12.02157764,0.015883,0.015758185,12.21251636,,,
3852,0.244264,0.0783,12.26129682,0.016284267,0.0161531,12.46096304,,,
3924.49,0.250506,0.08,12.49203965,0.0167004,0.016562482,12.70066171,,,
3995.88,0.256013,0.0816,12.71928108,0.017067533,0.016923519,12.93636783,,,
4066.77,0.261942,0.0833,12.94493096,0.0174628,0.017312077,13.1709857,,,
4136.12,0.26805,0.085,13.16567886,0.01787,0.017712209,13.40094955,,,
4204.53,0.274094,0.0866,13.38343466,0.018272933,0.01810799,13.62798927,,,
4272.25,0.280228,0.0883,13.59899411,0.018681867,0.018509504,13.85304871,,,
4338.06,0.286084,0.09,13.80847385,0.019072267,0.018892671,14.07183274,,,
4406.75,0.292399,0.0916,14.02712091,0.019493267,0.019305706,14.30055532,,,
4472.58,0.297774,0.0933,14.23666431,0.0198516,0.019657127,14.51928487,,,
4537.52,0.304143,0.095,14.44337475,0.0202762,0.020073375,14.7362315,,,
4601.66,0.310261,0.0966,14.64753871,0.020684067,0.020473056,14.95050938,,,
4667.87,0.316948,0.0983,14.85829168,0.021129867,0.020909727,15.17224541,,,
4731.6,0.322447,0.1,15.06115057,0.021496467,0.021268676,15.3849121,,,
4791.4,0.328551,0.102,15.25149989,0.0219034,0.021666967,15.58555959,,,
4857.46,0.334972,0.103,15.4617754,0.022331467,0.022085771,15.80705952,,,
4918.02,0.341629,0.105,15.65454386,0.022775267,0.022519782,16.01108028,,,
4979.92,0.347358,0.107,15.85157768,0.0231572,0.022893141,16.21865584,,,
5041.63,0.353862,0.108,16.04800671,0.0235908,0.023316837,16.42659203,,,
5100.78,0.360337,0.11,16.23628701,0.024022467,0.023738466,16.62632268,,,
5161.95,0.366653,0.112,16.43099717,0.024443533,0.024149571,16.8326288,,,
5221.03,0.372952,0.113,16.61905465,0.024863467,0.0245594,17.03226196,,,
5281.52,0.379123,0.115,16.8116003,0.025274867,0.024960739,17.23651126,,,
5341.7,0.38568,0.117,17.00315919,0.025712,0.025387006,17.44034442,,,
5399.07,0.391341,0.118,17.18577357,0.0260894,0.025754877,17.63414009,,,
5457.51,0.397956,0.12,17.37179387,0.0265304,0.026184572,17.83267451,,,
5514.48,0.40462,0.122,17.55313501,0.026974667,0.026617263,18.02662498,,,
5570.53,0.410498,0.123,17.7315477,0.027366533,0.026998764,18.21679869,,,
5628.37,0.41703,0.125,17.91565814,0.027802,0.027422541,18.41374927,,,
5683.71,0.423667,0.127,18.09181083,0.028244467,0.027852947,18.60280438,,,
5739.59,0.430355,0.128,18.2696824,0.028690333,0.028286472,18.79384567,,,
5794.23,0.436593,0.13,18.44360692,0.0291062,0.028690659,18.98043023,,,
5849.01,0.44258,0.132,18.61797707,0.029505333,0.029078428,19.16730669,,,
5903.55,0.449706,0.133,18.79158329,0.0299804,0.029539773,19.35496247,,,
5955.38,0.456346,0.135,18.9565633,0.030423067,0.029969462,19.53328009,,,
6006.96,0.46281,0.137,19.12074754,0.030854,0.030387585,19.71069908,,,
6060.9,0.469057,0.138,19.29244389,0.031270467,0.030791505,19.89572762,,,
6112.25,0.475922,0.14,19.45589602,0.031728133,0.031235196,20.07319528,,,
6163.47,0.482793,0.142,19.61893434,0.0321862,0.031679077,20.25039329,,,
6213.23,0.488664,0.143,19.77732534,0.0325776,0.0320582,20.42162314,,,
6264.61,0.495563,0.145,19.94087296,0.033037533,0.032503524,20.59967022,,,
6314.3,0.502477,0.147,20.09904114,0.033498467,0.032949617,20.7723282,,,
6362.43,0.508689,0.148,20.25224369,0.0339126,0.033350246,20.93904993,,,
6411.73,0.515413,0.15,20.40917047,0.034360867,0.033783716,21.11044725,,,
6458.35,0.522376,0.152,20.55756653,0.034825067,0.034232395,21.27348516,,,
6505.84,0.529019,0.153,20.7087319,0.035267933,0.034660266,21.43908608,,,
6552.48,0.535879,0.155,20.85719163,0.035725267,0.035101922,21.60232036,,,
6599.37,0.542401,0.157,21.00644714,0.036160067,0.035521636,21.76604166,,,
6644.64,0.549094,0.158,21.15054602,0.036606267,0.035952172,21.92478855,,,
6689.69,0.556537,0.16,21.29394463,0.037102467,0.036430735,22.0840025,,,
6733.47,0.563341,0.162,21.43330069,0.037556067,0.036868012,22.23825116,,,
6776.62,0.569774,0.163,21.57065141,0.037984933,0.03728127,22.39001116,,,
6819.8,0.576913,0.165,21.70809762,0.038460867,0.037739681,22.54300987,,,
6863.44,0.58403,0.167,21.84700805,0.038935333,0.038196471,22.69762859,,,
6904.61,0.590233,0.168,21.97805623,0.039348867,0.038594427,22.84286784,,,
6945.4,0.597403,0.17,22.10789484,0.039826867,0.039054225,22.98838301,,,
6986.5,0.604632,0.172,22.2387202,0.0403088,0.039517592,23.13513632,,,
7026.38,0.611886,0.173,22.36566218,0.0407924,0.039982346,23.27801122,,,
7066.65,0.618229,0.175,22.49384557,0.041215267,0.040388557,23.42093542,,,
7104.58,0.625448,0.177,22.61458051,0.041696533,0.040850666,23.55753012,,,
7142.78,0.632348,0.178,22.73617489,0.042156533,0.041292156,23.6946532,,,
7181.56,0.639541,0.18,22.85961546,0.042636067,0.041752186,23.83425955,,,
7219.76,0.646344,0.182,22.98120984,0.0430896,0.042187078,23.97146098,,,
7257.08,0.653676,0.183,23.10000309,0.0435784,0.042655576,24.10666426,,,
7292.68,0.660623,0.185,23.21332141,0.044041533,0.043099272,24.23567168,,,
7329.52,0.668112,0.187,23.33058677,0.0445408,0.043577363,24.36974977,,,
7363.87,0.674906,0.188,23.43992622,0.044993733,0.044010889,24.49457601,,,
7399.49,0.682448,0.19,23.5533082,0.045496533,0.044491924,24.62490207,,,
7434.71,0.689354,0.192,23.66541694,0.045956933,0.044932192,24.75300693,,,
7468.92,0.696109,0.193,23.77431075,0.046407267,0.045362646,24.87761153,,,
7501.02,0.703903,0.195,23.87648822,0.046926867,0.045859079,24.996937,,,
7536.15,0.7111,0.197,23.98831049,0.047406667,0.046317268,25.12551633,,,
7568.12,0.71789,0.198,24.09007416,0.047859333,0.046749353,25.24300905,,,
7600.66,0.725388,0.2,24.1936522,0.0483592,0.047226275,25.36363786,,,
7630.95,0.732609,0.202,24.29006826,0.0488406,0.047685364,25.47640977,,,
7663.21,0.739913,0.203,24.39275503,0.049327533,0.048149515,25.59598947,,,
7694.28,0.74746,0.205,24.49165391,0.049830667,0.048628881,25.71208935,,,
7724.61,0.754071,0.207,24.5881973,0.0502714,0.049048607,25.8242804,,,
7754.93,0.761601,0.208,24.68470886,0.0507734,0.049526464,25.93803545,,,
7784.69,0.768838,0.21,24.77943788,0.051255867,0.049985513,26.04952944,,,
7814.68,0.776782,0.212,24.87489901,0.051785467,0.050489164,26.16305727,,,
7843.01,0.783658,0.213,24.9650762,0.052243867,0.0509249,26.26934832,,,
7872.93,0.791041,0.215,25.06031452,0.052736067,0.051392553,26.38189694,,,
7899.63,0.798527,0.217,25.14530326,0.053235133,0.051866507,26.48391683,,,
7927.98,0.805327,0.218,25.23554411,0.053688467,0.052296834,26.59040178,,,
7956.35,0.813198,0.22,25.32584863,0.0542132,0.052794707,26.69884393,,,
7982.97,0.820661,0.222,25.41058272,0.054710733,0.053266543,26.80081434,,,
8009.65,0.827403,0.223,25.4955078,0.0551602,0.053692604,26.90184511,,,
8036.5,0.835026,0.225,25.580974,0.0556684,0.054174121,27.0050259,,,
8062.86,0.842713,0.227,25.66488049,0.056180867,0.054659446,27.10675572,,,
8088.66,0.850563,0.228,25.74700444,0.0567042,0.055154819,27.20696773,,,
8114.61,0.858187,0.23,25.82960586,0.057212467,0.055635696,27.30738132,,,
8141.17,0.864928,0.232,25.91414896,0.057661867,0.056060686,27.40840716,,,
8165.63,0.872484,0.233,25.99200756,0.0581656,0.056536843,27.50384827,,,
8189.03,0.880471,0.235,26.06649207,0.058698067,0.057039914,27.59654476,,,
8214.62,0.887646,0.237,26.14794757,0.0591764,0.057491625,27.69528898,,,
8239.61,0.895197,0.238,26.22749321,0.0596798,0.057966787,27.79274476,,,
8262.93,0.902757,0.24,26.30172308,0.0601838,0.058442289,27.88466072,,,
8286.45,0.910393,0.242,26.37658956,0.060692867,0.058922342,27.9774604,,,
8310.45,0.918244,0.243,26.45298394,0.061216267,0.059415672,28.07233686,,,
8333.57,0.925579,0.245,26.52657718,0.061705267,0.059876358,28.1634067,,,
8357.28,0.932887,0.247,26.60204846,0.062192467,0.060335137,28.25649547,,,
8380.38,0.940258,0.248,26.67557804,0.062683867,0.060797658,28.34770642,,,
8402.47,0.948032,0.25,26.74589269,0.063202133,0.061285235,28.43629017,,,
8423.97,0.955979,0.252,26.81432932,0.063731933,0.061783417,28.52325837,,,
8445.07,0.963744,0.253,26.88149271,0.0642496,0.06226995,28.60861786,,,
8468.82,0.971115,0.255,26.9570913,0.064741,0.062731577,28.70232035,,,
8491.31,0.978498,0.257,27.0286792,0.0652332,0.063193742,28.79184643,,,
8512.63,0.985726,0.258,27.09654286,0.065715067,0.063645998,28.87719399,,,
8533.67,0.994245,0.26,27.16351526,0.066283,0.064178769,28.96399455,,,
8553.6,1.00117,0.262,27.22695442,0.066744667,0.064611643,29.04420842,,,
8575.34,1.00887,0.263,27.29615499,0.067258,0.065092743,29.13203979,,,
8596.26,1.01642,0.265,27.36274542,0.067761333,0.065564245,29.21688154,,,
8615.9,1.0242,0.267,27.42526148,0.06828,0.066049878,29.29785834,,,
8636.68,1.03124,0.268,27.49140628,0.068749333,0.066489117,29.38142213,,,
8656.89,1.03915,0.27,27.55573671,0.069276667,0.066982407,29.46470629,,,
8676.52,1.04706,0.272,27.61822094,0.069804,0.067475454,29.54608323,,,
8696.21,1.05408,0.273,27.68089615,0.070272,0.067912822,29.62608809,,,
8715.93,1.06196,0.275,27.74366686,0.070797333,0.068403542,29.70784449,,,
8735.56,1.06988,0.277,27.80615109,0.071325333,0.068896511,29.78943409,,,
8754.85,1.07718,0.278,27.86755307,0.071812,0.069350674,29.86877779,,,
8773.66,1.08505,0.28,27.92742716,0.072336667,0.069840068,29.94760415,,,
8792.92,1.09277,0.282,27.98873364,0.072851333,0.070319902,30.02775021,,,
8810.86,1.10071,0.283,28.04583844,0.073380667,0.070813169,30.10386076,,,
8829.99,1.10867,0.285,28.10673112,0.073911333,0.071307435,30.18413709,,,
8848.55,1.11665,0.287,28.16580943,0.074443333,0.071802698,30.26256617,,,
8866.89,1.12385,0.288,28.22418747,0.074923333,0.072249341,30.33883767,,,
8885.36,1.13121,0.29,28.2829793,0.075414,0.072705704,30.4159119,,,
8903.99,1.13943,0.292,28.34228043,0.075962,0.073215145,30.49521674,,,
8920.54,1.14727,0.293,28.39496072,0.076484667,0.073700794,30.56673983,,,
8940.2,1.15453,0.295,28.45754044,0.076968667,0.074150305,30.64787939,,,
8956.98,1.16256,0.297,28.51095284,0.077504,0.074647255,30.72066573,,,
8974.64,1.17056,0.298,28.56716637,0.078037333,0.075142104,30.79647185,,,
8992.31,1.17843,0.3,28.62341173,0.078562,0.075628672,30.8721242,,,
9009.35,1.18551,0.302,28.67765173,0.079034,0.076066196,30.94416126,,,
9025.94,1.1936,0.303,28.73045934,0.079573333,0.076565901,31.01663776,,,
9043.6,1.20088,0.305,28.78667287,0.080058667,0.077015361,31.09129551,,,
9061.15,1.20869,0.307,28.84253625,0.080579333,0.077497317,31.16664859,,,
9077.26,1.21666,0.308,28.89381597,0.081110667,0.077988908,31.23741265,,,
9093.28,1.2244,0.31,28.94480922,0.081626667,0.078466081,31.30747751,,,
9110.15,1.23223,0.312,28.9985081,0.082148667,0.078948571,31.38069687,,,
9126.95,1.23978,0.313,29.05198416,0.082652,0.079413587,31.45318875,,,
9142.95,1.24784,0.315,29.10291374,0.083189333,0.079909776,31.52396573,,,
9159.74,1.25538,0.317,29.15635797,0.083692,0.08037373,31.59651188,,,
9175.81,1.26268,0.318,29.20751037,0.084178667,0.080822711,31.66615965,,,
9191.58,1.27085,0.32,29.25770784,0.084723333,0.081324962,31.73651837,,,
9206.78,1.27898,0.322,29.30609094,0.085265333,0.081824504,31.80488455,,,
9224.46,1.28615,0.323,29.36236813,0.085743333,0.082264852,31.87999544,,,
9239.02,1.29412,0.325,29.40871405,0.086274667,0.082754105,31.94594105,,,
9254.93,1.30223,0.327,29.45935715,0.086815333,0.083251707,32.01688106,,,
9269.88,1.31073,0.328,29.50694448,0.087382,0.083772972,32.0853203,,,
9285.72,1.31838,0.33,29.55736476,0.087892,0.084241879,32.15522067,,,
9301.22,1.32553,0.332,29.6067028,0.088368667,0.084679939,32.22300765,,,
9316.94,1.33328,0.333,29.65674111,0.088885333,0.085154543,32.29279043,,,
9332.72,1.34158,0.335,29.70697041,0.089438667,0.085662579,32.36392223,,,
9347.57,1.34967,0.337,29.75423943,0.089978,0.086157513,32.43146638,,,
9362.38,1.35706,0.338,29.80138112,0.090470667,0.086609407,32.49753194,,,
9377.75,1.36493,0.34,29.85030535,0.090995333,0.087090429,32.56654384,,,
9392.2,1.37283,0.342,29.89630113,0.091522,0.087573053,32.6324704,,,
9405.49,1.38047,0.343,29.93860451,0.092031333,0.08803957,32.69389421,,,
9421.72,1.38864,0.345,29.99026621,0.092576,0.088538211,32.76664509,,,
9436.87,1.39623,0.347,30.03849016,0.093082,0.089001229,32.8345329,,,
9451.36,1.40434,0.348,30.08461326,0.093622667,0.089495733,32.90121498,,,
9465.54,1.41146,0.35,30.1297496,0.094097333,0.08992967,32.96487869,,,
9480.88,1.41941,0.352,30.17857834,0.094627333,0.09041397,33.03429673,,,
9494.17,1.42767,0.353,30.22088172,0.095178,0.090916907,33.0972448,,,
9508.5,1.43578,0.355,30.26649553,0.095718667,0.091410465,33.16356412,,,
9524.36,1.44295,0.357,30.31697948,0.096196667,0.091846613,33.23337184,,,
9537.18,1.45102,0.358,30.3577868,0.096734667,0.09233728,33.29443719,,,
9551.53,1.45883,0.36,30.40346427,0.097255333,0.09281191,33.36036332,,,
9565.86,1.46674,0.362,30.44907808,0.097782667,0.093292388,33.42647013,,,
9580.18,1.47436,0.363,30.49466005,0.098290667,0.093755032,33.49200052,,,
9594.52,1.48247,0.365,30.54030569,0.098831333,0.094247191,33.55864482,,,
9607.31,1.49062,0.367,30.58101753,0.099374667,0.094741533,33.61999595,,,
9622.66,1.4984,0.368,30.62987809,0.099893333,0.095213205,33.68959872,,,
9636.29,1.50612,0.37,30.67326373,0.100408,0.09568102,33.7531048,,,
9649,1.51402,0.372,30.71372092,0.100934667,0.096159516,33.8138001,,,
9664.33,1.5221,0.373,30.76251782,0.101473333,0.096648678,33.88409305,,,
9677.16,1.52926,0.375,30.80335698,0.101950667,0.097081943,33.94377976,,,
9690.99,1.53739,0.377,30.84737924,0.102492667,0.097573677,34.0090094,,,
9704.51,1.54531,0.378,30.89041474,0.103020667,0.098052477,34.07276586,,,
9718.47,1.55295,0.38,30.9348508,0.10353,0.098514133,34.1375359,,,
9731.31,1.56091,0.382,30.97572179,0.104060667,0.098994898,34.19907604,,,
9745.47,1.56883,0.383,31.02079447,0.104588667,0.099473018,34.265218,,,
9759.23,1.57672,0.385,31.06459391,0.105114667,0.0999491,34.32993834,,,
9772.47,1.58472,0.387,31.10673813,0.105648,0.100431588,34.3931028,,,
9785.63,1.59266,0.388,31.14862772,0.106177333,0.100910228,34.45590594,,,
9799.47,1.6006,0.39,31.1926818,0.106706667,0.101388638,34.5211489,,,
9813.62,1.60851,0.392,31.23772265,0.107234,0.101865014,34.5874686,,,
9825.95,1.61577,0.393,31.27697026,0.107718,0.102302043,34.64606294,,,
9839.08,1.62392,0.395,31.31876435,0.108261333,0.102792421,34.70937554,,,
9853.13,1.63225,0.397,31.36348689,0.108816667,0.103293381,34.77635699,,,
9866.3,1.63933,0.398,31.4054083,0.109288667,0.103718969,34.8376635,,,
9878.93,1.64739,0.4,31.44561084,0.109826,0.104203246,34.8991565,,,
9893.11,1.65551,0.402,31.49074718,0.110367333,0.104690892,34.96629697,,,
9906.62,1.66364,0.403,31.53375085,0.110909333,0.105178899,35.03113813,,,
9919.39,1.67139,0.405,31.57439902,0.111426,0.105643876,35.092608,,,
9931.29,1.67912,0.407,31.6122779,0.111941333,0.106107437,35.15099843,,,
9945.28,1.68713,0.408,31.65680945,0.112475333,0.106587563,35.21741964,,,
9957.61,1.69531,0.41,31.69605706,0.113020667,0.107077641,35.27836656,,,
9970.76,1.70298,0.412,31.73791481,0.113532,0.107536946,35.34118375,,,
9983.42,1.71063,0.413,31.77821284,0.114042,0.107994843,35.40226379,,,
9997.74,1.71874,0.415,31.82379481,0.114582667,0.108480045,35.47025009,,,
10008.7,1.72687,0.417,31.85868158,0.115124667,0.108966207,35.52640168,,,
10023.1,1.73408,0.418,31.9045182,0.115605333,0.109397157,35.59285066,,,
10035.6,1.74216,0.42,31.94430694,0.116144,0.109879888,35.65444652,,,
10048.9,1.7504,0.422,31.98664215,0.116693333,0.110371937,35.71927005,,,
10061.2,1.75851,0.423,32.02579427,0.117234,0.110855988,35.78030623,,,
10075.3,1.76662,0.425,32.07067596,0.117774667,0.111339804,35.84778913,,,
10087.6,1.77388,0.427,32.10982808,0.118258667,0.111772714,35.90709353,,,
10099.9,1.78205,0.428,32.14898019,0.118803333,0.112259662,35.96838621,,,
10113,1.78937,0.43,32.19067879,0.119291333,0.112695747,36.03074778,,,
10125.8,1.79748,0.432,32.23142246,0.119832,0.113178674,36.09377827,,,
10138.6,1.80604,0.433,32.27216612,0.120402667,0.113688145,36.15782098,,,
10150.9,1.81344,0.435,32.31131824,0.120896,0.114128365,36.21762737,,,
10164.9,1.82134,0.437,32.35588162,0.121422667,0.114598117,36.28461905,,,
10177.2,1.82935,0.438,32.39503374,0.121956667,0.115074185,36.34582407,,,
10189.9,1.83754,0.44,32.43545909,0.122502667,0.115560716,36.40888933,,,
10202.9,1.84486,0.442,32.47683938,0.122990667,0.115995365,36.4711875,,,
10214.2,1.85307,0.443,32.51280839,0.123538,0.116482635,36.52937572,,,
10226.6,1.86125,0.445,32.55227882,0.124083333,0.116967889,36.59147408,,,
10240.6,1.86837,0.447,32.5968422,0.124558,0.11739007,36.65703968,,,
10252.7,1.87642,0.448,32.6353577,0.125094667,0.11786718,36.71786689,,,
10265.3,1.88423,0.45,32.67546475,0.125615333,0.118329849,36.78000414,,,
10278,1.8924,0.452,32.7158901,0.12616,0.118813616,36.8433268,,,
10290.7,1.9001,0.453,32.75631546,0.126673333,0.119269338,36.90566712,,,
10302.2,1.9081,0.455,32.79292109,0.127206667,0.119742596,36.96439928,,,
10316,1.9159,0.457,32.83684786,0.127726667,0.120203807,37.03098898,,,
10328.5,1.92407,0.458,32.87663659,0.128271333,0.120686668,37.09376661,,,
10340.9,1.93224,0.46,32.91610702,0.128816,0.121169296,37.15622826,,,
10353.2,1.93997,0.462,32.95525914,0.129331333,0.121625717,37.21740674,,,
10365.5,1.94762,0.463,32.99441125,0.129841333,0.12207721,37.2784496,,,
10379.3,1.95574,0.465,33.03833802,0.130382667,0.122556218,37.34596463,,,
10391.2,1.96348,0.467,33.07621689,0.130898667,0.123012597,37.40584958,,,
10403,1.97188,0.468,33.11377746,0.131458667,0.123507656,37.46687049,,,
10415.6,1.9793,0.47,33.15388451,0.131953333,0.123944754,37.52865008,,,
10428.9,1.98679,0.472,33.19621972,0.132452667,0.124385782,37.59314755,,,
10439.5,1.99484,0.473,33.22996057,0.132989333,0.124859567,37.64919087,,,
10453.6,2.00279,0.475,33.27484226,0.133519333,0.125327247,37.71767702,,,
10465.8,2.01097,0.477,33.31367607,0.134064667,0.125808229,37.77986295,,,
10478.2,2.01918,0.478,33.35314649,0.134612,0.126290742,37.84288025,,,
10490.8,2.02685,0.48,33.39325354,0.135123333,0.126741309,37.90546127,,,
10503.4,2.03466,0.482,33.43336059,0.135644,0.127199891,37.96839535,,,
10515.2,2.04266,0.483,33.47092115,0.136177333,0.127669411,38.02890194,,,
10527.5,2.0504,0.485,33.51007327,0.136693333,0.128123463,38.09067688,,,
10539.9,2.05858,0.487,33.54954369,0.137238667,0.128603102,38.15383834,,,
10553.6,2.06656,0.488,33.59315215,0.137770667,0.129070792,38.22130312,,,
10565.1,2.07392,0.49,33.62975779,0.138261333,0.129501952,38.27945294,,,
10578.5,2.08207,0.492,33.67241131,0.138804667,0.129979174,38.34629914,,,
10590.7,2.0904,0.493,33.71124512,0.13936,0.130466701,38.40924424,,,
10603.2,2.09843,0.495,33.75103385,0.139895333,0.130936445,38.47264598,,,
10615.5,2.1056,0.497,33.79018597,0.140373333,0.131355694,38.53342701,,,
10627.8,2.11377,0.498,33.82933808,0.140918,0.131833202,38.59650075,,,
10640.2,2.12196,0.5,33.86880851,0.141464,0.132311649,38.66002564,,,
10653.2,2.12979,0.502,33.91018879,0.141986,0.132768852,38.72496086,,,
10664.8,2.13832,0.503,33.94711274,0.142554667,0.133266691,38.78643208,,,
10678.8,2.14545,0.505,33.99167613,0.14303,0.133682631,38.85350556,,,
10691.2,2.15363,0.507,34.03114655,0.143575333,0.134159612,38.91717976,,,
10703.5,2.16126,0.508,34.07029867,0.144084,0.134604317,38.97928358,,,
10715.4,2.16925,0.51,34.10817754,0.144616667,0.135069792,39.04078849,,,
10728.1,2.17716,0.512,34.1486029,0.145144,0.135530393,39.10506772,,,
10740.5,2.1852,0.513,34.18807333,0.14568,0.135998347,39.16859185,,,
10753.4,2.19316,0.515,34.2291353,0.146210667,0.136461429,39.23379999,,,
10765.9,2.20066,0.517,34.26892404,0.146710667,0.136897554,39.29654073,,,
10777.4,2.20886,0.518,34.30552967,0.147257333,0.137374166,39.35727049,,,
10789.8,2.21711,0.52,34.3450001,0.147807333,0.137853456,39.42144298,,,
10803.8,2.22419,0.522,34.38956348,0.148279333,0.13826459,39.48882503,,,
10815.8,2.23284,0.523,34.42776067,0.148856,0.138766665,39.55253941,,,
10828.3,2.24094,0.525,34.46754941,0.149396,0.139236587,39.61686342,,,
10840.7,2.24812,0.527,34.50701983,0.149874667,0.139652951,39.67874793,,,
10852.5,2.25587,0.528,34.5445804,0.150391333,0.140102174,39.7397859,,,
10865.3,2.26447,0.53,34.58532406,0.150964667,0.140600431,39.80648598,,,
10877.7,2.27186,0.532,34.62479449,0.151457333,0.141028386,39.86897353,,,
10891.6,2.27979,0.533,34.66903956,0.151986,0.141487409,39.93824821,,,
10902.6,2.28781,0.535,34.70405365,0.152520667,0.141951428,39.99713905,,,
10915.9,2.29549,0.537,34.74638887,0.153032667,0.142395573,40.06372141,,,
10928.6,2.30381,0.538,34.78681422,0.153587333,0.142876507,40.12962825,,,
10941,2.31171,0.54,34.82628465,0.154114,0.14333295,40.19350268,,,
10953.3,2.31918,0.542,34.86543676,0.154612,0.143764357,40.25605167,,,
10966.8,2.32732,0.543,34.9084086,0.155154667,0.144234246,40.3246111,,,
10979.5,2.3346,0.545,34.94883395,0.15564,0.144654303,40.38827047,,,
10990.3,2.34272,0.547,34.98321142,0.156181333,0.145122621,40.44693603,,,
11003.1,2.35087,0.548,35.02395509,0.156724667,0.145592448,40.51307277,,,
11015.8,2.35856,0.55,35.06438044,0.157237333,0.146035555,40.57781012,,,
11028.9,2.36719,0.552,35.10607904,0.157812667,0.146532593,40.64626299,,,
11041.3,2.37538,0.553,35.14554946,0.158358667,0.147004061,40.71115182,,,
11053.8,2.38256,0.555,35.1853382,0.158837333,0.147417204,40.77408349,,,
11067.5,2.39062,0.557,35.22894665,0.159374667,0.147880779,40.84354828,,,
11079.1,2.39841,0.558,35.2658706,0.159894,0.148328622,40.90467171,,,
11091.7,2.4061,0.56,35.30597765,0.160406667,0.148770518,40.96929183,,,
11104.4,2.41435,0.562,35.346403,0.160956667,0.149244378,41.03564221,,,
11116.3,2.42198,0.563,35.38428188,0.161465333,0.149682426,41.09761675,,,
11128.1,2.43034,0.565,35.42184244,0.162022667,0.150162165,41.16098382,,,
11141.6,2.43777,0.567,35.46481428,0.162518,0.150588342,41.22848497,,,
11155.1,2.44591,0.568,35.50778611,0.163060667,0.151055036,41.29770939,,,
11166.5,2.45412,0.57,35.54407344,0.163608,0.151525523,41.35936821,,,
11180.3,2.46214,0.572,35.58800021,0.164142667,0.151984908,41.42950946,,,
11192.6,2.47015,0.573,35.62715232,0.164676667,0.152443509,41.49411301,,,
11205.8,2.47759,0.575,35.66916923,0.165172667,0.152869288,41.56074102,,,
11218.4,2.48575,0.577,35.70927627,0.165716667,0.153336062,41.6268985,,,
11231.1,2.49305,0.578,35.74970163,0.166203333,0.153753458,41.6914212,,,
11243.5,2.5011,0.58,35.78917205,0.16674,0.154213535,41.7566586,,,
11254.7,2.50904,0.582,35.82482276,0.167269333,0.154667118,41.81721698,,,
11269.1,2.51695,0.583,35.87065938,0.167796667,0.155118782,41.88963646,,,
11282.2,2.52453,0.585,35.91235798,0.168302,0.155551413,41.95647965,,,
11293.1,2.5328,0.586,35.94705376,0.168853333,0.156023211,42.01683361,,,
11307,2.54093,0.588,35.99129883,0.169395333,0.156486806,42.08805689,,,
11320.2,2.54853,0.59,36.03331574,0.169902,0.156919985,42.15544815,,,
11332.5,2.55627,0.591,36.07246785,0.170418,0.15736095,42.21986568,,,
11345,2.56444,0.593,36.11225659,0.170962667,0.157826203,42.28610427,,,
11357.7,2.57261,0.595,36.15268194,0.171507333,0.158291239,42.35313202,,,
11370.2,2.57979,0.596,36.19247068,0.171986,0.158699746,42.41706894,,,
11382.8,2.58782,0.598,36.23257772,0.172521333,0.159156416,42.48347034,,,
11395.5,2.59598,0.6,36.27300308,0.173065333,0.159620266,42.55060245,,,
11408.9,2.6036,0.601,36.3156566,0.173573333,0.160053225,42.61908617,,,
11421.2,2.61158,0.603,36.35480872,0.174105333,0.160506439,42.68437481,,,
11433.7,2.61955,0.605,36.39459746,0.174636667,0.16095888,42.75042864,,,
11447.6,2.62748,0.606,36.43884253,0.175165333,0.161408847,42.82166453,,,
11459.9,2.63593,0.608,36.47799465,0.175728667,0.161888097,42.88822401,,,
11473.3,2.6434,0.61,36.52064817,0.176226667,0.162311575,42.95656026,,,
11486,2.65137,0.611,36.56107353,0.176758,0.1627632,43.02353576,,,
11498.5,2.65935,0.613,36.60086226,0.17729,0.163215187,43.08982913,,,
11511.3,2.66732,0.615,36.64160593,0.177821333,0.163666404,43.15726515,,,
11524.5,2.67506,0.616,36.68362283,0.178337333,0.164104405,43.22568231,,,
11538.3,2.68286,0.618,36.7275496,0.178857333,0.164545608,43.29654118,,,
11549.5,2.69107,0.62,36.7632003,0.179404667,0.165009791,43.35869,,,
11563.5,2.69914,0.621,36.80776369,0.179942667,0.16546585,43.43105084,,,
11576.3,2.70635,0.623,36.84850735,0.180423333,0.165873131,43.49683788,,,
11589.6,2.7143,0.625,36.89084257,0.180953333,0.166322022,43.5663635,,,
11602.2,2.72268,0.626,36.93094961,0.181512,0.166794974,43.63436014,,,
11614.5,2.73001,0.628,36.97010173,0.182000667,0.167208483,43.69868489,,,
11627,2.73804,0.63,37.00989047,0.182536,0.167661285,43.76552783,,,
11640.9,2.74616,0.631,37.05413554,0.183077333,0.168118953,43.83790786,,,
11654,2.75387,0.633,37.09583414,0.183591333,0.168553319,43.90630779,,,
11666.4,2.76177,0.635,37.13530456,0.184118,0.168998194,43.97258257,,,
11679.5,2.76964,0.636,37.17700316,0.184642667,0.169441182,44.04146416,,,
11693.6,2.77771,0.638,37.22188485,0.185180667,0.169895224,44.1146583,,,
11706.3,2.78568,0.64,37.26231021,0.185712,0.170343438,44.18236836,,,
11719.8,2.79308,0.641,37.30528204,0.186205333,0.170759417,44.25172452,,,
11731.9,2.80145,0.643,37.34379754,0.186763333,0.171229714,44.31824964,,,
11744.5,2.80944,0.645,37.38390458,0.187296,0.171678453,44.38576038,,,
11758.5,2.81657,0.646,37.42846797,0.187771333,0.172078722,44.4564613,,,
11770.8,2.82473,0.648,37.46762008,0.188315333,0.172536618,44.52334745,,,
11783.9,2.83289,0.65,37.50931868,0.188859333,0.172994304,44.5933036,,,
11797.8,2.84074,0.651,37.55356375,0.189382667,0.173434405,44.6655578,,,
11811.1,2.84826,0.653,37.59589897,0.189884,0.173855823,44.73475865,,,
11823.5,2.85636,0.655,37.63536939,0.190424,0.174309546,44.80204697,,,
11836.2,2.86427,0.656,37.67579475,0.190951333,0.174752428,44.87003799,,,
11851.5,2.87215,0.658,37.72449616,0.191476667,0.175193434,44.94785694,,,
11863.8,2.87977,0.66,37.76364828,0.191984667,0.175619705,45.0136897,,,
11876.2,2.88811,0.661,37.8031187,0.192540667,0.176086045,45.08175638,,,
11890.1,2.89603,0.663,37.84736378,0.193068667,0.176528699,45.15450384,,,
11904.2,2.90396,0.665,37.89224547,0.193597333,0.176971716,45.22808315,,,
11916.5,2.91138,0.666,37.93139759,0.194092,0.177386064,45.29357841,,,
11929.8,2.9195,0.668,37.9737328,0.194633333,0.177839304,45.364687,,,
11942.7,2.92679,0.67,38.01479478,0.195119333,0.178246041,45.43221619,,,
11956.8,2.93481,0.671,38.05967647,0.195654,0.178693316,45.50620441,,,
11969.5,2.94296,0.673,38.10010183,0.196197333,0.179147636,45.5752402,,,
11983.1,2.9511,0.675,38.14339197,0.19674,0.179601193,45.64772291,,,
11997.1,2.95859,0.676,38.18795536,0.197239333,0.180018351,45.72012221,,,
12010.3,2.96676,0.678,38.22997226,0.197784,0.180473183,45.79124909,,,
12021.9,2.9746,0.68,38.26689621,0.198306667,0.180909449,45.85547684,,,
12035.8,2.98249,0.681,38.31114128,0.198832667,0.181348306,45.92864767,,,
12049.7,2.99038,0.683,38.35538636,0.199358667,0.181786969,46.00186504,,,
12063.2,2.99797,0.685,38.39835819,0.199864667,0.182208773,46.07283325,,,
12076.1,3.00614,0.686,38.43942017,0.200409333,0.18266261,46.14303873,,,
12090,3.01419,0.688,38.48366524,0.200946,0.18310958,46.21680383,,,
12103.7,3.02191,0.69,38.52727369,0.201460667,0.183538039,46.28900394,,,
12117.9,3.03002,0.691,38.5724737,0.202001333,0.183987945,46.36416481,,,
12130.4,3.03719,0.693,38.61226243,0.202479333,0.184385536,46.43044759,,,
12142.7,3.04533,0.695,38.65141455,0.203022,0.184836724,46.49850203,,,
12157.5,3.05336,0.696,38.69852441,0.203557333,0.185281616,46.57589285,,,
12172,3.06086,0.698,38.74467935,0.204057333,0.185696965,46.65081529,,,
12184.8,3.06882,0.7,38.78542301,0.204588,0.1861376,46.72045513,,,
12197.3,3.07693,0.701,38.82521175,0.205128667,0.186586339,46.78937567,,,
12211.1,3.08471,0.703,38.86913851,0.205647333,0.187016629,46.8624732,,,
12224.7,3.09242,0.705,38.91242866,0.206161333,0.187442865,46.93466683,,,
12238.6,3.10031,0.706,38.95667373,0.206687333,0.187878864,47.00852474,,,
12253,3.10842,0.708,39.00251035,0.207228,0.188326822,47.08492257,,,
12265.4,3.11648,0.71,39.04198078,0.207765333,0.18877182,47.15355093,,,
12277.8,3.12379,0.711,39.08145121,0.208252667,0.189175239,47.22026764,,,
12291.4,3.13171,0.713,39.12474135,0.208780667,0.189612138,47.29323093,,,
12305.3,3.14005,0.715,39.16898642,0.209336667,0.190072,47.36849148,,,
12319.7,3.14812,0.716,39.21482305,0.209874667,0.190516773,47.44502096,,,
12333.9,3.15613,0.718,39.26002305,0.210408667,0.190958044,47.52067216,,,
12346.6,3.16412,0.72,39.30044841,0.210941333,0.191398019,47.5905374,,,
12360.9,3.17155,0.721,39.34596672,0.211436667,0.191806983,47.66514677,,,
12374.1,3.17971,0.723,39.38798363,0.211980667,0.192255936,47.73747465,,,
12387.9,3.18691,0.725,39.43191039,0.212460667,0.192651903,47.80964036,,,
12402.1,3.19495,0.726,39.47711039,0.212996667,0.193093882,47.88560332,,,
12416.1,3.20275,0.728,39.52167378,0.213516667,0.19352248,47.96020982,,,
12429.3,3.21071,0.73,39.56369068,0.214047333,0.193959681,48.03219317,,,
12443.3,3.21852,0.731,39.60825407,0.214568,0.194388458,48.10691793,,,
12456.4,3.2265,0.733,39.64995266,0.2151,0.194826378,48.17865748,,,
12470.4,3.23451,0.735,39.69451605,0.215634,0.195265751,48.25400332,,,
12483.3,3.24247,0.736,39.73557802,0.216164667,0.195702191,48.325006,,,
12497.6,3.2499,0.738,39.78109634,0.21666,0.196109399,48.40006867,,,
12512.1,3.25772,0.74,39.82725127,0.217181333,0.196537803,48.4769868,,,
12525.3,3.2662,0.741,39.86926817,0.217746667,0.197002156,48.55066842,,,
12539.1,3.27379,0.743,39.91319494,0.218252667,0.197417592,48.62435617,,,
12552.7,3.28111,0.745,39.95648508,0.218740667,0.197818085,48.69659327,,,
12566.7,3.28904,0.746,40.00104847,0.219269333,0.198251772,48.7720517,,,
12580.6,3.29693,0.748,40.04529354,0.219795333,0.198683085,48.84706218,,,
12594.7,3.30527,0.75,40.09017524,0.220351333,0.199138795,48.9240988,,,
12608.7,3.3134,0.751,40.13473862,0.220893333,0.199582831,49.00023482,,,
12621,3.32078,0.753,40.17389074,0.221385333,0.199985734,49.06780093,,,
12636.7,3.32866,0.755,40.22386539,0.221910667,0.200415754,49.14997017,,,
12649.4,3.33662,0.756,40.26429074,0.222441333,0.200849952,49.22073326,,,
12663.7,3.34453,0.758,40.30980906,0.222968667,0.201281236,49.29763344,,,
12678,3.35244,0.76,40.35532737,0.223496,0.201712335,49.37458162,,,
12692.3,3.36015,0.761,40.40084568,0.22401,0.202132354,49.45103913,,,
12704.9,3.36823,0.763,40.44095273,0.224548667,0.202572341,49.52191474,,,
12719.3,3.37624,0.765,40.48678935,0.225082667,0.203008325,49.59966387,,,
12734.3,3.38392,0.766,40.53453584,0.225594667,0.203426168,49.67891094,,,
12747,3.39171,0.768,40.57496119,0.226114,0.203849819,49.74952797,,,
12761,3.39984,0.77,40.61952458,0.226656,0.204291768,49.82618354,,,
12775,3.40696,0.771,40.66408796,0.227130667,0.204678653,49.90014937,,,
12789.3,3.41506,0.773,40.70960627,0.227670667,0.205118607,49.97798947,,,
12803.3,3.42298,0.775,40.75416966,0.228198667,0.205548597,50.05421683,,,
12818,3.4307,0.776,40.80096121,0.228713333,0.205967551,50.13268505,,,
12832.3,3.43861,0.778,40.84647952,0.229240667,0.206396635,50.21015372,,,
12846.7,3.44652,0.78,40.89231615,0.229768,0.206825534,50.28806185,,,
12859.3,3.45449,0.781,40.93242319,0.230299333,0.2072575,50.35913297,,,
12873.7,3.4624,0.783,40.97825982,0.230826667,0.20768603,50.43713494,,,
12888,3.47031,0.785,41.02377813,0.231354,0.208114377,50.5147933,,,
12901,3.47806,0.786,41.06515842,0.231870667,0.208533881,50.58696408,,,
12916.6,3.48613,0.788,41.11481476,0.232408667,0.20897052,50.67025404,,,
12930.6,3.49325,0.79,41.15937814,0.232883333,0.2093556,50.74471132,,,
12944.6,3.50138,0.791,41.20394153,0.233425333,0.209795123,50.82198531,,,
12959.3,3.50974,0.793,41.25073308,0.233982667,0.210246879,50.90268961,,,
12974,3.51759,0.795,41.29752463,0.234506,0.21067089,50.98204195,,,
12988.3,3.5247,0.796,41.34304295,0.23498,0.211054776,51.05783118,,,
13001.2,3.53284,0.798,41.38410492,0.235522667,0.211494092,51.13099967,,,
13016.7,3.54045,0.8,41.43344295,0.23603,0.211904631,51.2129785,,,
13030.9,3.54879,0.801,41.47864296,0.236586,0.212354357,51.29190918,,,
13044.3,3.55619,0.803,41.52129648,0.237079333,0.212753225,51.36513777,,,
13060,3.56426,0.805,41.57127114,0.237617333,0.213188026,51.44932573,,,
13074,3.5722,0.806,41.61583452,0.238146667,0.213615638,51.52650679,,,
13088,3.58051,0.808,41.6603979,0.238700667,0.214062981,51.60476266,,,
13101.9,3.58803,0.81,41.70464298,0.239202,0.214467624,51.68047699,,,
13117.3,3.59571,0.811,41.7536627,0.239714,0.214880708,51.7626002,,,
13131.6,3.60382,0.813,41.79918101,0.240254667,0.215316735,51.84162932,,,
13145.9,3.61175,0.815,41.84469933,0.240783333,0.215742901,51.92020551,,,
13160.3,3.61905,0.816,41.89053595,0.24127,0.216135049,51.99746556,,,
13172.9,3.62721,0.818,41.930643,0.241814,0.216573214,52.0700595,,,
13187.5,3.6352,0.82,41.97711624,0.242346667,0.217002064,52.15013044,,,
13203.3,3.6424,0.821,42.0274092,0.242826667,0.217388355,52.23278489,,,
13219.2,3.65042,0.823,42.07802047,0.243361333,0.217818465,52.31818364,,,
13232.9,3.65855,0.825,42.12162893,0.243903333,0.218254285,52.39523463,,,
13247.9,3.66665,0.826,42.16937541,0.244443333,0.218688308,52.4773981,,,
13262.7,3.6744,0.828,42.21648527,0.24496,0.219103401,52.55783551,,,
13276.6,3.68191,0.83,42.26073035,0.245460667,0.219505475,52.63407739,,,
13290.9,3.68982,0.831,42.30624866,0.245988,0.21992879,52.71307816,,,
13305.2,3.69773,0.833,42.35176698,0.246515333,0.220351925,52.79212693,,,
13320.5,3.70561,0.835,42.40046839,0.247040667,0.220773278,52.87510837,,,
13334.2,3.71331,0.836,42.44407684,0.247554,0.221184834,52.95127784,,,
13348.2,3.72144,0.838,42.48864023,0.248096,0.22161919,53.02990191,,,
13364.2,3.7285,0.84,42.53956981,0.248566667,0.221996227,53.11348888,,,
13379.6,3.73659,0.841,42.58858953,0.249106,0.222428095,53.19766272,,,
13392.7,3.74465,0.843,42.63028813,0.249643333,0.222858177,53.27265536,,,
13407.2,3.75207,0.845,42.67644306,0.250138,0.223253945,53.35144317,,,
13423.2,3.75992,0.846,42.72737264,0.250661333,0.223672478,53.43747284,,,
13437.5,3.76801,0.848,42.77289096,0.251200667,0.224103624,53.51746968,,,
13452.4,3.77609,0.85,42.82031913,0.251739333,0.224534051,53.59987772,,,
13467.7,3.78356,0.851,42.86902054,0.252237333,0.224931818,53.68218797,,,
13482.6,3.79151,0.853,42.91644871,0.252767333,0.225354971,53.76432501,,,
13497.5,3.79896,0.855,42.96387689,0.253264,0.225751348,53.8450802,,,
13512.8,3.80728,0.856,43.0125783,0.253818667,0.226193828,53.92997357,,,
13527.9,3.81517,0.858,43.06064309,0.254344667,0.226613258,54.01288801,,,
13542.8,3.82262,0.86,43.10807127,0.254841333,0.227009137,54.09378962,,,
13557.6,3.83072,0.861,43.15518113,0.255381333,0.227439378,54.17620883,,,
13573.2,3.83879,0.863,43.20483747,0.255919333,0.227867841,54.26179067,,,
13587.5,3.8459,0.865,43.25035579,0.256393333,0.228245183,54.33945867,,,
13603.5,3.85396,0.866,43.30128537,0.256930667,0.22867277,54.42671348,,,
13618.8,3.86204,0.868,43.34998678,0.257469333,0.229101236,54.51127898,,,
13633.8,3.86936,0.87,43.39773326,0.257957333,0.229489241,54.59249681,,,
13648.2,3.87724,0.871,43.44356989,0.258482667,0.229906762,54.67297968,,,
13664.1,3.88529,0.873,43.49418116,0.259019333,0.230333111,54.76001497,,,
13679.5,3.89301,0.875,43.54320088,0.259534,0.230741811,54.84414198,,,
13694.5,3.9009,0.876,43.59094736,0.26006,0.231159339,54.92720913,,,
13708.6,3.90948,0.878,43.63582906,0.260632,0.231613183,55.00872246,,,
13724.6,3.9166,0.88,43.68675864,0.261106667,0.231989642,55.09366256,,,
13740,3.92424,0.881,43.73577836,0.261616,0.232393439,55.17775775,,,
13755,3.93239,0.883,43.78352484,0.262159333,0.232824011,55.26178453,,,
13770.2,3.93982,0.885,43.83190795,0.262654667,0.233216383,55.34456312,,,
13785.4,3.94796,0.886,43.88029105,0.263197333,0.233646073,55.42946664,,,
13799.9,3.95608,0.888,43.92644598,0.263738667,0.234074523,55.51154828,,,
13815.9,3.96307,0.89,43.97737557,0.264204667,0.234443202,55.59640342,,,
13831.8,3.9712,0.891,44.02798684,0.264746667,0.234871839,55.68424959,,,
13846.9,3.97928,0.893,44.07605163,0.265285333,0.235297657,55.76878168,,,
13862.1,3.98736,0.895,44.12443473,0.265824,0.235723294,55.85376847,,,
13878.1,3.99446,0.896,44.17536431,0.266297333,0.236097157,55.93914603,,,
13893.8,4.00246,0.898,44.22533897,0.266830667,0.236518243,56.02601565,,,
13908.4,4.01057,0.9,44.27181221,0.267371333,0.236944939,56.10882567,,,
13924.4,4.01808,0.901,44.32274179,0.267872,0.237339905,56.19556328,,,
13940.4,4.02594,0.903,44.37367137,0.268396,0.23775311,56.28338728,,,
13956.4,4.03376,0.905,44.42460096,0.268917333,0.238164043,56.37114618,,,
13971,4.0417,0.906,44.4710742,0.269446667,0.23858111,56.4536569,,,
13987.4,4.04931,0.908,44.52327702,0.269954,0.238980679,56.54251374,,,
14003.5,4.0574,0.91,44.57452491,0.270493333,0.239405276,56.63163674,,,
14017.5,4.06507,0.911,44.6190883,0.271004667,0.239807664,56.71106945,,,
14034.6,4.07309,0.913,44.67351929,0.271539333,0.24022824,56.80413693,,,
14050.5,4.08015,0.915,44.72413056,0.27201,0.240598327,56.88954131,,,
14064.8,4.08812,0.916,44.76964887,0.272541333,0.241015951,56.97122867,,,
14081.1,4.09632,0.918,44.82153338,0.273088,0.241445445,57.06175629,,,
14097.1,4.10363,0.92,44.87246297,0.273575333,0.241828168,57.14846198,,,
14113.1,4.11148,0.921,44.92339255,0.274098667,0.242239001,57.23683455,,,
14129,4.11946,0.923,44.97400382,0.274630667,0.242656463,57.32524447,,,
14145,4.12719,0.925,45.0249334,0.275146,0.243060682,57.41336373,,,
14160.1,4.13462,0.926,45.07299819,0.275641333,0.243449059,57.49697951,,,
14175.4,4.14369,0.928,45.12169961,0.276246,0.243922956,57.58638864,,,
14192.9,4.15077,0.93,45.17740384,0.276718,0.244292723,57.67880467,,,
14208.8,4.15863,0.931,45.22801511,0.277242,0.244703066,57.76712047,,,
14224.5,4.16583,0.933,45.27798976,0.277722,0.245078805,57.85268363,,,
14240.6,4.17417,0.935,45.32923765,0.278278,0.24551386,57.94336725,,,
14257,4.18192,0.936,45.38144047,0.278794667,0.245917968,58.03354404,,,
14272.9,4.18989,0.938,45.43205175,0.279326,0.246333377,58.12240503,,,
14287.6,4.19794,0.94,45.4788433,0.279862667,0.246752781,58.20667366,,,
14305,4.2051,0.941,45.53422922,0.28034,0.247125668,58.29929504,,,
14320.7,4.21294,0.943,45.58420387,0.280862667,0.247533809,58.38710493,,,
14337,4.22121,0.945,45.63608838,0.281414,0.247964156,58.47872256,,,
14353,4.22833,0.946,45.68701796,0.281888667,0.248334511,58.56567054,,,
14369,4.2363,0.948,45.73794755,0.28242,0.248748918,58.65525869,,,
14385,4.24403,0.95,45.78887713,0.282935333,0.249150682,58.74416834,,,
14401,4.25188,0.951,45.83980671,0.283458667,0.249558517,58.8334972,,,
14417,4.25975,0.953,45.89073629,0.283983333,0.249967225,58.92294055,,,
14434.7,4.26748,0.955,45.94707714,0.284498667,0.2503685,59.01895932,,,
14450.8,4.27538,0.956,45.99832503,0.285025333,0.250778433,59.10901296,,,
14467.7,4.28317,0.958,46.0521194,0.285544667,0.251182494,59.20205649,,,
14482.5,4.29059,0.96,46.09922927,0.286039333,0.251567211,59.28542207,,,
14498.4,4.29888,0.961,46.14984054,0.286592,0.251996862,59.37601564,,,
14516.2,4.30671,0.963,46.2064997,0.287114,0.252402503,59.47303265,,,
14532.3,4.31376,0.965,46.25774759,0.287584,0.252767594,59.56073567,,,
14548.2,4.32178,0.966,46.30835886,0.288118667,0.253182756,59.65066147,,,
14565.2,4.32984,0.968,46.36247154,0.288656,0.253599815,59.74527713,,,
14581.5,4.33759,0.97,46.41435605,0.289172667,0.254000669,59.83611917,,,
14598,4.34493,0.971,46.46687719,0.289662,0.254380169,59.92656576,,,
14614.1,4.35296,0.973,46.51812508,0.290197333,0.254795178,60.01756093,,,
14631.6,4.36065,0.975,46.57382931,0.29071,0.255192455,60.11330722,,,
14647.6,4.36851,0.976,46.62475889,0.291234,0.25559835,60.20347392,,,
14663.6,4.3761,0.978,46.67568847,0.29174,0.255990147,60.29285382,,,
14681.1,4.3841,0.98,46.7313927,0.292273333,0.256402941,60.38973262,,,
14697.2,4.39199,0.981,46.78264059,0.292799333,0.256809893,60.48056657,,,
14713.1,4.39912,0.983,46.83325186,0.293274667,0.257177503,60.56825819,,,
14730.1,4.40722,0.985,46.88736454,0.293814667,0.257594961,60.66355993,,,
14746.9,4.41525,0.986,46.94084061,0.29435,0.258008639,60.75787704,,,
14763,4.42235,0.988,46.9920885,0.294823333,0.258374264,60.84645267,,,
14780.7,4.43118,0.99,47.04842935,0.295412,0.258828791,60.94709996,,,
14798.2,4.4383,0.991,47.10413358,0.295886667,0.259195146,61.04161865,,,
14814.2,4.44637,0.993,47.15506316,0.296424667,0.259610219,61.13298704,,,
14830.7,4.4537,0.995,47.20758429,0.296913333,0.259987082,61.2241455,,,
14848.6,4.46203,0.996,47.26456176,0.297468667,0.260415187,61.32428793,,,
14865.5,4.4694,0.998,47.31835613,0.29796,0.260793801,61.41733352,,,
14883.2,4.47739,1,47.37469698,0.298492667,0.261204105,61.51569661,,,
14899.2,4.48496,1,47.42562656,0.298997333,0.261592685,61.60576244,,,
14915.6,4.49242,1,47.47782938,0.299494667,0.261975471,61.69718607,,,
14932.9,4.50054,1,47.53289699,0.300036,0.262391956,61.79447728,,,
14949.1,4.50847,1.01,47.5844632,0.300564667,0.262798529,61.88667151,,,
14967.7,4.51624,1.01,47.64366883,0.301082667,0.263196738,61.9883517,,,
14984.2,4.52358,1.01,47.69618997,0.301572,0.263572765,62.08002537,,,
15001.4,4.53159,1.01,47.75093927,0.302106,0.263982954,62.17678452,,,
15019.4,4.53868,1.01,47.80823505,0.302578667,0.264345889,62.27398706,,,
15035.5,4.54664,1.01,47.85948294,0.303109333,0.264753204,62.3661389,,,
15053.2,4.55464,1.02,47.91582379,0.303642667,0.265162397,62.4651123,,,
15070,4.56216,1.02,47.96929985,0.304144,0.265546887,62.55887458,,,
15086.9,4.56999,1.02,48.02309422,0.304666,0.265947069,62.65409824,,,
15102.7,4.57766,1.02,48.07338718,0.305177333,0.266338919,62.74429528,,,
15120.8,4.58589,1.02,48.13100127,0.305726,0.266759208,62.84589976,,,
15138.2,4.59375,1.02,48.18638719,0.30625,0.267160437,62.94346827,,,
15155.8,4.60124,1.03,48.24240973,0.306749333,0.267542628,63.04073675,,,
15171.8,4.6088,1.03,48.29333931,0.307253333,0.267928244,63.13162879,,,
15191,4.61675,1.03,48.35445481,0.307783333,0.268333592,63.23715009,,,
15206.9,4.6246,1.03,48.40506608,0.308306667,0.26873368,63.32867066,,,
15224.8,4.63181,1.03,48.46204355,0.308787333,0.269101009,63.42650875,,,
15243.3,4.63977,1.03,48.52093088,0.309318,0.269506391,63.52932818,,,
15259.7,4.64756,1.04,48.5731337,0.309837333,0.269902956,63.62290392,,,
15276.2,4.65586,1.04,48.62565483,0.310390667,0.270325312,63.71860425,,,
15294,4.66285,1.04,48.68231399,0.310856667,0.270680868,63.81553585,,,
15312.7,4.67082,1.04,48.74183794,0.311388,0.271086118,63.91946137,,,
15329.1,4.67881,1.04,48.79404076,0.311920667,0.271492221,64.01391049,,,
15346.8,4.68686,1.04,48.85038161,0.312457333,0.271901207,64.11404158,,,
15364.3,4.69397,1.05,48.90608584,0.312931333,0.272262296,64.21033249,,,
15383.8,4.70179,1.05,48.96815627,0.313452667,0.272659293,64.31735544,,,
15400.5,4.71025,1.05,49.02131402,0.314016667,0.273088604,64.41482365,,,
15416.6,4.71738,1.05,49.07256191,0.314492,0.273450279,64.50549005,,,
15433.5,4.72521,1.05,49.12635628,0.315014,0.273847312,64.60184628,,,
15451.1,4.73291,1.05,49.18237882,0.315527333,0.274237599,64.70076366,,,
15468.8,4.74077,1.06,49.23871967,0.316051333,0.274635839,64.80068268,,,
15487.9,4.74774,1.06,49.29951686,0.316516,0.274988853,64.90360274,,,
15505.8,4.75584,1.06,49.35649433,0.317056,0.275398943,65.005267,,,
15523.4,4.76384,1.06,49.41251687,0.317589333,0.275803804,65.10540516,,,
15542.6,4.77091,1.06,49.47363237,0.318060667,0.276161464,65.20924886,,,
15558.9,4.77883,1.06,49.52551688,0.318588667,0.276561973,65.30378527,,,
15575.9,4.78727,1.07,49.57962956,0.319151333,0.276988601,65.40303444,,,
15594,4.79443,1.07,49.63724365,0.319628667,0.277350384,65.50272966,,,
15612.9,4.80246,1.07,49.69740422,0.320164,0.277755971,65.60872394,,,
15629.3,4.8106,1.07,49.74960704,0.320706667,0.278166947,65.70463768,,,
15648.3,4.81754,1.07,49.81008592,0.321169333,0.278517203,65.80755801,,,
15667.2,4.82537,1.07,49.87024649,0.321691333,0.27891223,65.91307257,,,
15684.1,4.83278,1.08,49.92404086,0.322185333,0.279285923,66.0088346,,,
15702.4,4.84093,1.08,49.98229157,0.322728667,0.279696775,66.11300988,,,
15719,4.84858,1.08,50.03513101,0.323238667,0.280082267,66.20842004,,,
15738.4,4.85651,1.08,50.09688313,0.323767333,0.280481712,66.31661739,,,
15756.4,4.8643,1.08,50.15417891,0.324286667,0.28087395,66.4185104,,,
15774,4.87134,1.08,50.21020145,0.324756,0.281228292,66.51626563,,,
15792.4,4.87948,1.09,50.26877047,0.325298667,0.281637843,66.62113447,,,
15810.7,4.88745,1.09,50.32702117,0.32583,0.282038678,66.72507448,,,
15830,4.89439,1.09,50.38845498,0.326292667,0.282387581,66.82983833,,,
15847.6,4.90258,1.09,50.44447752,0.326838667,0.28279917,66.9316833,,,
15865,4.91021,1.09,50.49986344,0.327347333,0.283182464,67.03085907,,,
15883.9,4.91806,1.09,50.56002401,0.327870667,0.283576657,67.13717279,,,
15902.1,4.92608,1.1,50.61795641,0.328405333,0.283979225,67.24116326,,,
15920.9,4.93311,1.1,50.67779867,0.328874,0.284331967,67.34440903,,,
15938.1,4.94112,1.1,50.73254797,0.329408,0.28473373,67.44425513,,,
15957.7,4.94938,1.1,50.79493671,0.329958667,0.285147864,67.5551663,,,
15975.8,4.95711,1.1,50.8525508,0.330474,0.28553527,67.65799667,,,
15993.7,4.96496,1.1,50.90952827,0.330997333,0.285928536,67.76044636,,,
16011.7,4.97201,1.11,50.96682405,0.331467333,0.286281592,67.8606613,,,
16030.6,4.97951,1.11,51.02698461,0.331967333,0.286657047,67.96627663,,,
16050,4.98726,1.11,51.08873673,0.332484,0.287044869,68.07492428,,,
16068.3,4.99554,1.11,51.14698744,0.333036,0.287459048,68.18077555,,,
16086.9,5.00284,1.11,51.20619308,0.333522667,0.287824062,68.28461915,,,
16106.3,5.01078,1.11,51.2679452,0.334052,0.288220927,68.39410483,,,
16124.7,5.0183,1.12,51.32651422,0.334553333,0.288596654,68.49797064,,,
16143.8,5.02606,1.12,51.38731141,0.335070667,0.288984224,68.6056921,,,
16160.9,5.03374,1.12,51.4417424,0.335582667,0.289367651,68.70469949,,,
16180.4,5.04162,1.12,51.50381282,0.336108,0.28976091,68.81465634,,,
16199.6,5.04937,1.12,51.56492832,0.336624667,0.290147531,68.92295513,,,
16217.3,5.05662,1.12,51.62126917,0.337108,0.290509073,69.02321198,,,
16235.5,5.06459,1.13,51.67920157,0.337639333,0.290906369,69.12813274,,,
16255.7,5.07166,1.13,51.74350017,0.338110667,0.291258669,69.23852951,,,
16273.7,5.0795,1.13,51.80079595,0.338633333,0.291649193,69.34227215,,,
16294.6,5.0874,1.13,51.86732271,0.33916,0.292042552,69.45864389,,,
16312.2,5.09537,1.13,51.92334525,0.339691333,0.292439239,69.56125563,,,
16331,5.10271,1.13,51.98318751,0.340180667,0.292804431,69.6668629,,,
16350.5,5.11038,1.14,52.04525794,0.340692,0.293185899,69.77666096,,,
16369,5.11854,1.14,52.10414527,0.341236,0.293591577,69.88395538,,,
16387.9,5.12597,1.14,52.16430584,0.341731333,0.29396082,69.99048362,,,
16407.2,5.13372,1.14,52.22573965,0.342248,0.29434582,70.09989459,,,
16426,5.14113,1.14,52.2855819,0.342742,0.294713792,70.20604682,,,
16445.6,5.14906,1.14,52.34797064,0.343270667,0.295107436,70.31749342,,,
16465.2,5.15698,1.15,52.41035938,0.343798667,0.295500429,70.42897105,,,
16484.6,5.16394,1.15,52.4721115,0.344262667,0.29584566,70.53630053,,,
16503,5.17191,1.15,52.53068052,0.344794,0.296240841,70.64294398,,,
16522.7,5.17938,1.15,52.59338756,0.345292,0.29661109,70.75346354,,,
16542.8,5.18725,1.15,52.65736785,0.345816667,0.297001016,70.86716328,,,
16560.3,5.19526,1.15,52.71307208,0.346350667,0.297397722,70.97027974,,,
16579.9,5.20244,1.16,52.77546082,0.346829333,0.297753188,71.07953871,,,
16601.1,5.21012,1.16,52.84294252,0.347341333,0.298133268,71.19748063,,,
16619.2,5.21803,1.16,52.9005566,0.347868667,0.298524579,71.3030027,,,
16638.9,5.22563,1.16,52.96326365,0.348375333,0.298900411,71.41435828,,,
16657.6,5.23337,1.16,53.0227876,0.348891333,0.29928302,71.52197866,,,
16677.5,5.24116,1.16,53.08613127,0.349410667,0.299667954,71.63499179,,,
16697.5,5.24886,1.17,53.14979325,0.349924,0.300048295,71.7481815,,,
16715.5,5.25602,1.17,53.20708903,0.350401333,0.300401832,71.85092396,,,
16735.2,5.26378,1.17,53.26979607,0.350918667,0.300784855,71.96316188,,,
16756.1,5.27167,1.17,53.33632284,0.351444667,0.301174144,72.08108904,,,
16775.4,5.27896,1.17,53.39775665,0.351930667,0.301533694,72.19006474,,,
16794.8,5.28693,1.17,53.45950876,0.352462,0.301926635,72.30195414,,,
16813.8,5.2945,1.18,53.51998764,0.352966667,0.302299712,72.41075928,,,
16833,5.3022,1.18,53.58110314,0.35348,0.302679053,72.52095148,,,
16854.1,5.30999,1.18,53.64826653,0.353999333,0.303062682,72.63971711,,,
16873.3,5.318,1.18,53.70938203,0.354533333,0.303456992,72.75114827,,,
16891.9,5.32545,1.18,53.76858766,0.35503,0.303823594,72.85804934,,,
16913.3,5.33299,1.18,53.83670598,0.355532667,0.304194489,72.97741362,,,
16933.5,5.34102,1.19,53.90100458,0.356068,0.304589336,73.09342747,,,
16951.6,5.34834,1.19,53.95861867,0.356556,0.304949135,73.1978879,,,
16973,5.35612,1.19,54.02673698,0.357074667,0.305331403,73.31831608,,,
16994.2,5.36369,1.19,54.09421868,0.357579333,0.305703212,73.43719333,,,
17013.6,5.37102,1.19,54.1559708,0.358068,0.306063102,73.54749095,,,
17033.6,5.37894,1.19,54.21963277,0.358596,0.306451814,73.66257621,,,
17053.2,5.38687,1.2,54.28202151,0.359124667,0.306840865,73.77603439,,,
17074.2,5.39476,1.2,54.34886659,0.359650667,0.307227804,73.89547269,,,
17092.5,5.40234,1.2,54.4071173,0.360156,0.307599399,74.00216703,,,
17113.2,5.40963,1.2,54.47300744,0.360642,0.307956647,74.11826179,,,
17133.5,5.41676,1.2,54.53762435,0.361117333,0.308305931,74.23210582,,,
17153.2,5.4245,1.2,54.6003314,0.361633333,0.30868496,74.34563124,,,
17174.5,5.43235,1.21,54.6681314,0.362156667,0.309069228,74.46655964,,,
17194.6,5.43992,1.21,54.73211169,0.362661333,0.30943965,74.58133229,,,
17214.5,5.44818,1.21,54.79545536,0.363212,0.30984368,74.69782229,,,
17233.9,5.45535,1.21,54.85720748,0.36369,0.310194261,74.80822526,,,
17254.8,5.463,1.21,54.92373424,0.3642,0.310568176,74.92695825,,,
17275.9,5.4709,1.21,54.99089763,0.364726667,0.310954164,75.04754442,,,
17295.5,5.47869,1.22,55.05328636,0.365246,0.311334632,75.161279,,,
17317.2,5.48613,1.22,55.12235961,0.365742,0.311697871,75.28292166,,,
17336.8,5.49363,1.22,55.18474835,0.366242,0.312063905,75.39572095,,,
17356.5,5.50156,1.22,55.2474554,0.366770667,0.31245078,75.51060144,,,
17377.8,5.50844,1.22,55.3152554,0.367229333,0.312786308,75.62863977,,,
17399.1,5.51694,1.22,55.38305541,0.367796,0.313200685,75.75272165,,,
17419.5,5.52422,1.23,55.44799062,0.368281333,0.313555451,75.86845054,,,
17440.1,5.53212,1.23,55.51356246,0.368808,0.313940288,75.9874084,,,
17461.4,5.53901,1.23,55.58136247,0.369267333,0.314275804,76.10574397,,,
17482.5,5.54688,1.23,55.64852585,0.369792,0.314658903,76.22690552,,,
17504.1,5.55474,1.23,55.71728079,0.370316,0.31504137,76.35028134,,,
17523.2,5.56196,1.23,55.77807798,0.370797333,0.315392566,76.46044055,,,
17544.7,5.5698,1.24,55.8465146,0.37132,0.31577378,76.5834424,,,
17564.7,5.57744,1.24,55.91017658,0.371829333,0.316145129,76.69922026,,,
17586.1,5.58535,1.24,55.97829489,0.372356667,0.316529457,76.82218619,,,
17606.1,5.59285,1.24,56.04195687,0.372856667,0.316893727,76.9375741,,,
17628.2,5.59986,1.24,56.11230336,0.373324,0.317234079,77.06037289,,,
17648.8,5.60802,1.24,56.17787519,0.373868,0.317630119,77.18098504,,,
17669.6,5.61585,1.25,56.24408365,0.37439,0.318009996,77.30130613,,,
17692.5,5.62273,1.25,56.31697661,0.374848667,0.318343664,77.42732021,,,
17712.4,5.63066,1.25,56.38032028,0.375377333,0.318728118,77.54421456,,,
17733.6,5.63895,1.25,56.44780198,0.37593,0.319129866,77.66822417,,,
17755.6,5.6459,1.25,56.51783015,0.376393333,0.319466551,77.79076463,,,
17776.9,5.65354,1.25,56.58563016,0.376902667,0.319836532,77.91290506,,,
17797.7,5.66126,1.26,56.65183861,0.377417333,0.320210248,78.03322447,,,
17819.8,5.66911,1.26,56.7221851,0.377940667,0.320590114,78.15980555,,,
17841,5.67605,1.26,56.78966679,0.378403333,0.320925824,78.27906601,,,
17861.4,5.68417,1.26,56.85460201,0.378944667,0.321318472,78.39935022,,,
17882.8,5.69163,1.26,56.92272033,0.379442,0.32167907,78.52159117,,,
17905.1,5.69927,1.26,56.99370343,0.379951333,0.322048233,78.64853704,,,
17927.1,5.70673,1.27,57.06373161,0.380448667,0.322408567,78.77355221,,,
17948.4,5.71461,1.27,57.13153161,0.380974,0.322789047,78.89715974,,,
17970.2,5.72194,1.27,57.20092317,0.381462667,0.323142841,79.02093985,,,
17991.3,5.72988,1.27,57.26808655,0.381992,0.323525937,79.14403747,,,
18012.6,5.73745,1.27,57.33588656,0.382496667,0.323891043,79.26667205,,,
18035.8,5.74492,1.27,57.40973445,0.382994667,0.324251196,79.39735656,,,
18056.2,5.75274,1.28,57.47466967,0.383516,0.324628085,79.51712508,,,
18078.9,5.75967,1.28,57.54692601,0.383978,0.324961961,79.64367957,,,
18099.8,5.76779,1.28,57.61345278,0.384519333,0.325353028,79.76693923,,,
18122.5,5.77542,1.28,57.68570912,0.385028,0.325720356,79.89632234,,,
18143.1,5.78257,1.28,57.75128096,0.385504667,0.326064454,80.01466928,,,
18165.6,5.79038,1.28,57.82290068,0.386025333,0.326440179,80.1440052,,,
18189,5.79822,1.29,57.8973852,0.386548,0.326817205,80.27750365,,,
18211,5.80526,1.29,57.96741337,0.387017333,0.327155638,80.40180712,,,
18232,5.81356,1.29,58.03425845,0.387570667,0.327554496,80.52663469,,,
18254.1,5.82071,1.29,58.10460493,0.388047333,0.327897963,80.65194193,,,
18274.6,5.82791,1.29,58.16985846,0.388527333,0.328243713,80.77043845,,,
18297.5,5.83555,1.29,58.24275142,0.389036667,0.328610461,80.9013173,,,
18320.8,5.84416,1.3,58.31691763,0.389610667,0.329023612,81.03781078,,,
18343.7,5.85108,1.3,58.38981059,0.390072,0.329355544,81.16604079,,,
18365.8,5.85892,1.3,58.46015708,0.390594667,0.329731473,81.29438264,,,
18387.6,5.86621,1.3,58.52954863,0.391080667,0.330080903,81.41932353,,,
18409.8,5.87348,1.3,58.60021343,0.391565333,0.330429253,81.54602553,,,
18431.5,5.88113,1.3,58.66928667,0.392075333,0.330795679,81.6720668,,,
18454.5,5.88894,1.31,58.74249795,0.392596,0.331169631,81.80456767,,,
18476.4,5.89642,1.31,58.81220781,0.393094667,0.331527651,81.93097304,,,
18498.8,5.90406,1.31,58.88350923,0.393604,0.331893197,82.06029399,,,
18521.8,5.91145,1.31,58.9567205,0.394096667,0.332246655,82.19136753,,,
18545.5,5.91883,1.31,59.03215994,0.394588667,0.332599509,82.32558122,,,
18567.5,5.92698,1.31,59.10218812,0.395132,0.332989034,82.45535391,,,
18582.8,5.93242,1.32,59.15088953,0.395494667,0.333248952,82.54475087,,,
18586.4,5.93339,1.32,59.16234869,0.395559333,0.333295291,82.56456789,,,
18635.2,5.94935,1.32,59.31768391,0.396623333,0.334057419,82.84446143,,,
18657.8,5.95738,1.32,59.38962194,0.397158667,0.334440651,82.97672501,,,
18679.6,5.96455,1.32,59.4590135,0.397636667,0.334782715,83.10209743,,,
18702.7,5.97226,1.32,59.53254308,0.398150667,0.335150411,83.2354648,,,
18726.1,5.97988,1.33,59.6070276,0.398658667,0.335513682,83.36988574,,,
18748.4,5.98714,1.33,59.6780107,0.399142667,0.335859668,83.49805103,,,
18770.5,5.99458,1.33,59.74835719,0.399638667,0.336214108,83.62611099,,,
18794.8,6.00185,1.33,59.82570649,0.400123333,0.336560328,83.76336759,,,
18819,6.00939,1.33,59.90273748,0.400626,0.33691928,83.90133159,,,
18840.9,6.01724,1.33,59.97244735,0.401149333,0.337292852,84.03035462,,,
18864.2,6.02503,1.34,60.04661355,0.401668667,0.337663432,84.16545675,,,
18888,6.03213,1.34,60.1223713,0.402142,0.338001067,84.30010194,,,
18910.9,6.04013,1.34,60.19526427,0.402675333,0.338381365,84.43441237,,,
18935,6.04793,1.34,60.27197695,0.403195333,0.338752017,84.57335679,,,
18958.3,6.05494,1.34,60.34614315,0.403662667,0.339085011,84.70562822,,,
18981.7,6.06255,1.34,60.42062767,0.40417,0.339446381,84.84083275,,,
19003.3,6.07021,1.35,60.4893826,0.404680667,0.339809993,84.96826628,,,
19028.3,6.07777,1.35,60.56896007,0.405184667,0.340168729,85.11057397,,,
19050.7,6.08501,1.35,60.64026149,0.405667333,0.34051216,85.24003466,,,
19075.3,6.09277,1.35,60.71856572,0.406184667,0.340880127,85.3815161,,,
19098.3,6.10059,1.35,60.79177699,0.406706,0.341250801,85.51615745,,,
19122.6,6.10719,1.35,60.8691263,0.407146,0.34156354,85.65174759,,,
19144.7,6.11557,1.36,60.93947278,0.407704667,0.341960482,85.78478022,,,
19169.9,6.12295,1.36,61.01968687,0.408196667,0.342309926,85.92771965,,,
19193.3,6.12996,1.36,61.09417138,0.408664,0.342641737,86.06115984,,,
19216.6,6.13758,1.36,61.16833759,0.409172,0.343002298,86.19670862,,,
19238.6,6.14543,1.36,61.23836576,0.409695333,0.343373605,86.32743844,,,
19264.4,6.15297,1.36,61.32048971,0.410198,0.34373012,86.47403195,,,
19288.9,6.1609,1.37,61.39847564,0.410726667,0.344104938,86.61646687,,,
19312.5,6.16825,1.37,61.47359677,0.411216667,0.344452216,86.75256432,,,
19336.6,6.17551,1.37,61.55030945,0.411700667,0.344795124,86.89061289,,,
19361.2,6.18304,1.37,61.62861368,0.412202667,0.34515066,87.03209259,,,
19384,6.19047,1.37,61.70118834,0.412698,0.345501351,87.16514536,,,
19407.6,6.19829,1.37,61.77630947,0.413219333,0.345870317,87.30347489,,,
19432.4,6.20585,1.38,61.85525032,0.413723333,0.346226886,87.44621067,,,
19456.5,6.21288,1.38,61.93196301,0.414192,0.346558343,87.58368663,,,
19480.7,6.22069,1.38,62.008994,0.414712667,0.346926448,87.72490926,,,
19504.2,6.2285,1.38,62.08379682,0.415233333,0.347294417,87.86305872,,,
19528.9,6.23535,1.38,62.16241936,0.41569,0.347617045,88.00271547,,,
19552.8,6.24376,1.38,62.23849543,0.416250667,0.348013004,88.14531064,,,
19578.1,6.25078,1.39,62.31902783,0.416718667,0.348343399,88.28853001,,,
19602.4,6.25799,1.39,62.39637713,0.417199333,0.348682624,88.42810407,,,
19626.3,6.2658,1.39,62.47245319,0.41772,0.349049947,88.56844634,,,
19650.9,6.27351,1.39,62.55075742,0.418234,0.349412436,88.7116109,,,
19675.7,6.28032,1.39,62.62969828,0.418688,0.349732501,88.85200139,,,
19700.3,6.28808,1.39,62.70800251,0.419205333,0.350097091,88.9955316,,,
19724.9,6.29583,1.4,62.78630674,0.419722,0.350461078,89.13910098,,,
19749.1,6.30292,1.4,62.86333773,0.420194667,0.350793951,89.27817698,,,
19774.7,6.31097,1.4,62.94482506,0.420731333,0.351171763,89.42768524,,,
19798.9,6.31812,1.4,63.02185606,0.421208,0.351507214,89.567166,,,
19822.4,6.32593,1.4,63.09665888,0.421728667,0.351873502,89.7063287,,,
19848.3,6.33316,1.4,63.17910114,0.422210667,0.352212469,89.85399155,,,
19873,6.34042,1.41,63.25772368,0.422694667,0.352552726,89.99642611,,,
19897.6,6.34817,1.41,63.33602791,0.423211333,0.352915821,90.14055273,,,
19923.7,6.35587,1.41,63.41910679,0.423724667,0.353276442,90.29134668,,,
19947.3,6.36337,1.41,63.49422793,0.424224667,0.353627572,90.4300456,,,
19972.2,6.37036,1.41,63.57348709,0.424690667,0.353954714,90.5725537,,,
19998.4,6.37812,1.41,63.65688428,0.425208,0.354317768,90.72430073,,,
20024.3,6.38588,1.42,63.73932654,0.425725333,0.35468069,90.87477258,,,
20047.4,6.3936,1.42,63.81285612,0.42624,0.355041611,91.01244792,,,
20072.9,6.40114,1.42,63.89402514,0.426742667,0.355393991,91.16033182,,,
20098.2,6.40815,1.42,63.97455754,0.42721,0.35572149,91.30512827,,,
20124,6.4152,1.42,64.0566815,0.42768,0.356050749,91.45244304,,,
20149.2,6.42263,1.42,64.13689559,0.428175333,0.356397639,91.59873223,,,
20176,6.42988,1.43,64.22220264,0.428658667,0.356736009,91.75160639,,,
20201.9,6.43804,1.43,64.3046449,0.429202667,0.357116713,91.90436997,,,
20226.6,6.44532,1.43,64.38326744,0.429688,0.357456239,92.04798486,,,
20252.4,6.45285,1.43,64.46539139,0.43019,0.357807303,92.19775811,,,
20277.5,6.46026,1.43,64.54528717,0.430684,0.358152652,92.34390963,,,
20302.5,6.46728,1.43,64.62486464,0.431152,0.358479714,92.48800428,,,
20328.1,6.47523,1.44,64.70635197,0.431682,0.358849977,92.63891941,,,
20354.8,6.48294,1.44,64.79134071,0.432196,0.359208931,92.793899,,,
20378.7,6.48973,1.44,64.86741678,0.432648667,0.359524945,92.93221815,,,
20404.8,6.49744,1.44,64.95049566,0.433162667,0.359883657,93.08462556,,,
20431.4,6.50513,1.44,65.03516609,0.433675333,0.36024131,93.23931342,,,
20456.8,6.51287,1.44,65.1160168,0.434191333,0.36060116,93.38882695,,,
20483.1,6.52058,1.45,65.1997323,0.434705333,0.360959486,93.54240366,,,
20509.8,6.52728,1.45,65.28472104,0.435152,0.361270767,93.69349797,,,
20535.8,6.535,1.45,65.36748161,0.435666667,0.361629317,93.84591443,,,
20559.8,6.5422,1.45,65.44387598,0.436146667,0.361963601,93.98700434,,,
20586.1,6.54962,1.45,65.52759148,0.436641333,0.362307982,94.13964639,,,
20613.1,6.55719,1.45,65.61353515,0.437146,0.362659202,94.29622959,,,
20638.4,6.56473,1.46,65.69406755,0.437648667,0.363008909,94.44498862,,,
20665.2,6.5722,1.46,65.7793746,0.438146667,0.363355248,94.60038832,,,
20691.4,6.57931,1.46,65.86277179,0.438620667,0.363684784,94.75154466,,,
20717.2,6.58672,1.46,65.94489574,0.439114667,0.36402811,94.90226665,,,
20743.1,6.59476,1.46,66.027338,0.439650667,0.364400492,95.05630117,,,
20770,6.60143,1.46,66.11296336,0.440095333,0.364709315,95.20897001,,,
20797.4,6.6091,1.47,66.20018027,0.440606667,0.365064321,95.36842103,,,
20824,6.6168,1.47,66.2848507,0.44112,0.365420589,95.52442404,,,
20849.7,6.62376,1.47,66.36665634,0.441584,0.365742509,95.67310991,,,
20876.4,6.63126,1.47,66.45164508,0.442084,0.36608929,95.82885414,,,
20901.6,6.63894,1.47,66.53185917,0.442596,0.366444268,95.97859391,,,
20929.7,6.64625,1.47,66.62130425,0.443083333,0.366782028,96.14009381,,,
20956.3,6.65374,1.48,66.70597468,0.443582667,0.367127987,96.29558881,,,
20981.7,6.66127,1.48,66.78682539,0.444084667,0.367475672,96.44583048,,,
21007.9,6.66877,1.48,66.87022258,0.444584667,0.367821852,96.5996982,,,
21036.3,6.6761,1.48,66.96062259,0.445073333,0.36816007,96.76301008,,,
21063.1,6.68392,1.48,67.04592964,0.445594667,0.368520771,96.9212383,,,
21088.9,6.69111,1.48,67.12805359,0.446074,0.368852298,97.07213296,,,
21115.8,6.6988,1.49,67.21367895,0.446586667,0.369206758,97.23041178,,,
21144,6.70601,1.49,67.30344233,0.447067333,0.36953898,97.39261282,,,
21171,6.71387,1.49,67.389386,0.447591333,0.369901026,97.55229114,,,
21198.8,6.72077,1.49,67.47787615,0.448051333,0.370218745,97.71142853,,,
21223.8,6.72786,1.49,67.55745362,0.448524,0.370545107,97.85859295,,,
21250.5,6.73514,1.49,67.64244236,0.449009333,0.370880105,98.01453031,,,
21276.8,6.74278,1.5,67.72615786,0.449518667,0.371231547,98.17033004,,,
21305.5,6.7503,1.5,67.8175128,0.45002,0.371577349,98.33674991,,,
21333.1,6.75768,1.5,67.90536633,0.450512,0.371916598,98.49754873,,,
21361.6,6.7652,1.5,67.99608465,0.451013333,0.372262163,98.66322544,,,
21388.5,6.77252,1.5,68.08171001,0.451501333,0.372598423,98.82069285,,,
21417,6.7801,1.5,68.17242832,0.452006667,0.372946508,98.98682041,,,
21442.5,6.78789,1.51,68.25359734,0.452526,0.37330411,99.14012474,,,
21471.2,6.79507,1.51,68.34495228,0.453004667,0.373633596,99.30553461,,,
21498.2,6.80221,1.51,68.43089595,0.453480667,0.37396114,99.46298427,,,
21525.5,6.80989,1.51,68.51779455,0.453992667,0.374313336,99.62437081,,,
21553.8,6.81652,1.51,68.60787625,0.454434667,0.37461728,99.78567362,,,
21580.9,6.82378,1.51,68.69413823,0.454918667,0.37495,99.944384,,,
21609.6,6.8318,1.52,68.78549316,0.455453333,0.375317421,100.1140753,,,
21636.5,6.83885,1.52,68.87111852,0.455923333,0.375640293,100.2710685,,,
21663.7,6.84633,1.52,68.95769881,0.456422,0.375982743,100.4315096,,,
21692,6.85381,1.52,69.04778051,0.456920667,0.376325076,100.5971384,,,
21720.8,6.86135,1.52,69.13945376,0.457423333,0.376670036,100.7654532,,,
21747.8,6.86868,1.52,69.22539743,0.457912,0.377005275,100.9245376,,,
21775.4,6.87615,1.53,69.31325096,0.45841,0.377346801,101.0871383,,,
21804,6.88342,1.53,69.40428758,0.458894667,0.377679071,101.253545,,,
21830.3,6.89107,1.53,69.48800308,0.459404667,0.37802859,101.411116,,,
21857.4,6.8978,1.53,69.57426506,0.459853333,0.378335974,101.5682228,,,
21888.6,6.90489,1.53,69.67357775,0.460326,0.378659698,101.7461371,,,
21917.4,6.91252,1.53,69.76525099,0.460834667,0.379007962,101.9154972,,,
21944.1,6.92021,1.54,69.85023973,0.461347333,0.379358841,102.0754616,,,
21973.8,6.92778,1.54,69.94477777,0.461852,0.379704125,102.2489133,,,
22000.9,6.93539,1.54,70.03103975,0.462359333,0.380051113,102.4105446,,,
22029.5,6.94251,1.54,70.12207638,0.462834,0.38037565,102.5769575,,,
22058.9,6.94966,1.54,70.21565948,0.463310667,0.380701449,102.7473235,,,
22085.6,6.95735,1.54,70.30064822,0.463823333,0.381051734,102.9077292,,,
22113.9,6.96412,1.55,70.39072992,0.464274667,0.381360012,103.0713626,,,
22145.5,6.97152,1.55,70.49131584,0.464768,0.381696868,103.2534237,,,
22172.5,6.97904,1.55,70.57725951,0.465269333,0.382039071,103.414694,,,
22201.3,6.98681,1.55,70.66893276,0.465787333,0.382392527,103.5856265,,,
22230,6.99377,1.55,70.7602877,0.466251333,0.38270903,103.7523662,,,
22257.2,7.00111,1.55,70.84686799,0.466740667,0.383042706,103.9139824,,,
22285.6,7.00868,1.56,70.937268,0.467245333,0.38338672,104.0823754,,,
22316,7.01606,1.56,71.0340342,0.467737333,0.383721986,104.2593039,,,
22345.5,7.02292,1.56,71.12793562,0.468194667,0.384033528,104.4296557,,,
22373.9,7.03055,1.56,71.21833562,0.468703333,0.384379925,104.5986069,,,
22402.2,7.03819,1.56,71.30841732,0.469212667,0.384726656,104.76723,,,
22432.1,7.04476,1.56,71.40359198,0.469650667,0.385024731,104.9383366,,,
22460.5,7.05241,1.57,71.49399199,0.470160667,0.385371692,105.1076549,,,
22489.7,7.06036,1.57,71.58693847,0.470690667,0.385732132,105.2822423,,,
22518.9,7.06764,1.57,71.67988496,0.471176,0.386062081,105.4537264,,,
22545.7,7.07532,1.57,71.76519201,0.471688,0.386410041,105.6159719,,,
22577.3,7.08185,1.57,71.86577793,0.472123333,0.386705803,105.7952886,,,
22607.6,7.08942,1.57,71.96222583,0.472628,0.38704856,105.9735887,,,
22636.6,7.09683,1.58,72.0545357,0.473122,0.387383958,106.1451217,,,
22664.9,7.10401,1.58,72.14461739,0.473600667,0.387708839,106.3123563,,,
22695.2,7.11123,1.58,72.24106529,0.474082,0.388035423,106.489254,,,
22725.5,7.11876,1.58,72.33751318,0.474584,0.388375916,106.6677395,,,
22754.2,7.12617,1.58,72.42886812,0.475078,0.38871087,106.8382299,,,
22784.6,7.13355,1.58,72.52563433,0.47557,0.389044356,107.0166502,,,
22814.3,7.14095,1.59,72.62017236,0.476063333,0.389378634,107.1919737,,,
22843.7,7.14818,1.59,72.71375547,0.476545333,0.389705125,107.3651563,,,
22873.8,7.15571,1.59,72.80956675,0.477047333,0.39004505,107.5431764,,,
22902.9,7.16238,1.59,72.90219492,0.477492,0.390346056,107.7124098,,,
22933.8,7.16994,1.59,73.00055268,0.477996,0.390687116,107.8945249,,,
22963.1,7.17774,1.59,73.09381747,0.478516,0.391038882,108.0703786,,,
22993.5,7.18511,1.6,73.19058368,0.479007333,0.391371142,108.24941,,,
23022.1,7.19174,1.6,73.28162031,0.479449333,0.391669946,108.4164443,,,
23050.8,7.19937,1.6,73.37297524,0.479958,0.392013709,108.5889217,,,
23082.8,7.20642,1.6,73.47483441,0.480428,0.392331235,108.7742022,,,
23113.1,7.21417,1.6,73.5712823,0.480944667,0.392680172,108.9549981,,,
23142.3,7.22106,1.6,73.66422879,0.481404,0.392990287,109.1264832,,,
23173.8,7.22859,1.61,73.7644964,0.481906,0.393329097,109.3120498,,,
23204.1,7.23592,1.61,73.8609443,0.482394667,0.393658798,109.4910699,,,
23236.3,7.24267,1.61,73.96344008,0.482844667,0.393962315,109.6762927,,,
23264.8,7.2503,1.61,74.0541584,0.483353333,0.394305291,109.8484827,,,
23295.1,7.25787,1.61,74.1506063,0.483858,0.394645453,110.0289704,,,
23328.6,7.26432,1.61,74.25724011,0.484288,0.394935196,110.2191304,,,
23357.4,7.27195,1.62,74.34891336,0.484796667,0.395277838,110.3930187,,,
23386.6,7.2794,1.62,74.44185984,0.485293333,0.395612284,110.5679981,,,
23417.8,7.28641,1.62,74.54117253,0.485760667,0.395926875,110.7503422,,,
23448.4,7.29456,1.62,74.63857535,0.486304,0.396292501,110.9356131,,,
23480.4,7.30118,1.62,74.74043452,0.486745333,0.396589391,111.1199922,,,
23510.7,7.30875,1.62,74.83688241,0.48725,0.396928777,111.3011534,,,
23542,7.31584,1.63,74.93651341,0.487722667,0.397246539,111.4847496,,,
23573,7.32318,1.63,75.03518947,0.488212,0.397575399,111.6682694,,,
23603.3,7.33103,1.63,75.13163737,0.488735333,0.39792699,111.8511232,,,
23637,7.33786,1.63,75.2389078,0.489190667,0.398232796,112.0450793,,,
23665.4,7.34539,1.63,75.3293078,0.489692667,0.398569835,112.2175174,,,
23697.9,7.35255,1.63,75.43275852,0.49017,0.398890207,112.4076338,,,
23728.9,7.35985,1.64,75.53143458,0.490656667,0.399216739,112.5914365,,,
23759.8,7.36654,1.64,75.62979234,0.491102667,0.399515891,112.771785,,,
23790.4,7.37408,1.64,75.72719516,0.491605333,0.399852945,112.9550882,,,
23823.1,7.38117,1.64,75.8312825,0.492078,0.400169779,113.1461883,,,
23854,7.38853,1.64,75.92964025,0.492568667,0.400498573,113.3302019,,,
23884.8,7.39567,1.64,76.0276797,0.493044667,0.400817436,113.5127217,,,
23916.3,7.40299,1.65,76.12794731,0.493532667,0.401144231,113.6995762,,,
23949.2,7.41042,1.65,76.23267126,0.494028,0.401475828,113.8937454,,,
23981.2,7.41793,1.65,76.33453043,0.494528667,0.401810884,114.084144,,,
24013.2,7.42463,1.65,76.43638959,0.494975333,0.402109707,114.270517,,,
24045.1,7.43196,1.65,76.53793044,0.495464,0.402436527,114.4597196,,,
24075.8,7.43952,1.65,76.63565158,0.495968,0.402773489,114.6444824,,,
24109.1,7.44663,1.66,76.74164877,0.496442,0.40309029,114.8394264,,,
24141.1,7.45388,1.66,76.84350793,0.496925333,0.403413227,115.0289937,,,
24171.7,7.46124,1.66,76.94091076,0.497416,0.403740956,115.2125508,,,
24203.4,7.46857,1.66,77.04181499,0.497904667,0.404067243,115.4012942,,,
24237.5,7.47582,1.66,77.15035866,0.498388,0.404389864,115.6011716,,,
24271.9,7.48265,1.66,77.25985726,0.498843333,0.4046937,115.800422,,,
24302.8,7.49001,1.67,77.35821502,0.499334,0.40502101,115.985802,,,
24368.3,7.50496,1.67,77.56670799,0.500330667,0.405685528,116.3757107,,,
